,term,score
0,movie,18.266065387038704
1,00,15.656627474604603
2,opinion,8.815891217303744
3,written,6.611918412977808
4,dynamic,5.218875824868201
5,convolutional,5.218875824868201
6,76,5.218875824868201
7,measure,5.079441541679836
8,precision,5.079441541679836
9,recall,5.079441541679836
10,value,5.079441541679836
11,network,4.407945608651872
12,81,4.407945608651872
13,naive,4.407945608651872
14,neural,4.407945608651872
15,accuracy,4.070024831816197
16,method,3.83258146374831
17,bayes,3.83258146374831
18,neutral,3.83258146374831
19,negative,3.386294361119891
20,positive,3.386294361119891
21,sentiment,3.0216512475319814
22,results,2.713349887877465
23,unique,2.6094379124341005
24,provides,2.6094379124341005
25,amounted,2.6094379124341005
26,likely,2.6094379124341005
27,takes,2.6094379124341005
28,21,2.6094379124341005
29,79,2.6094379124341005
30,writes,2.6094379124341005
31,story,2.6094379124341005
32,resulting,2.6094379124341005
33,75,2.6094379124341005
34,involved,2.6094379124341005
35,tendency,2.6094379124341005
36,built,2.6094379124341005
37,look,2.6094379124341005
38,ordinary,2.6094379124341005
39,language,2.6094379124341005
40,classify,2.203972804325936
41,characteristics,2.203972804325936
42,primarily,2.203972804325936
43,80,2.203972804325936
44,accurate,2.203972804325936
45,99,2.203972804325936
46,test,2.203972804325936
47,78,2.203972804325936
48,better,2.203972804325936
49,aims,2.203972804325936
50,opinions,1.916290731874155
51,algorithm,1.916290731874155
52,people,1.916290731874155
53,analysis,1.5108256237659907
54,used,1.5108256237659907
55,study,1.5108256237659907
56,media,1.3566749439387324
57,twitter,1.2231435513142097
58,indonesian,1.2231435513142097
59,social,1.2231435513142097
60,proved,0.0
61,posisitve,0.0
62,popular,0.0
63,policy,0.0
64,rate,0.0
65,reaction,0.0
66,recurrent,0.0
67,reads,0.0
68,rank,0.0
69,polarity,0.0
70,plan,0.0
71,person,0.0
72,reference,0.0
73,performance,0.0
74,perform,0.0
75,relate,0.0
76,rapid,0.0
77,posts,0.0
78,post,0.0
79,random,0.0
80,produce,0.0
81,processing,0.0
82,process,0.0
83,provide,0.0
84,problematic,0.0
85,previous,0.0
86,public,0.0
87,punctuation,0.0
88,purpose,0.0
89,quality,0.0
90,pretrained,0.0
91,predict,0.0
92,pre,0.0
93,practices,0.0
94,race,0.0
95,proposed,0.0
96,number,0.0
97,parameters,0.0
98,paper,0.0
99,models,0.0
100,model,0.0
101,mining,0.0
102,message,0.0
103,mentioning,0.0
104,memory,0.0
105,medias,0.0
106,measuring,0.0
107,measurement,0.0
108,mbert,0.0
109,matter,0.0
110,master,0.0
111,margin,0.0
112,management,0.0
113,making,0.0
114,maintaining,0.0
115,main,0.0
116,machine,0.0
117,love,0.0
118,long,0.0
119,link,0.0
120,moment,0.0
121,monica,0.0
122,monolingual,0.0
123,relationship,0.0
124,pandemic,0.0
125,outperform,0.0
126,original,0.0
127,organization,0.0
128,001,0.0
129,online,0.0
130,obtained,0.0
131,obtain,0.0
132,objective,0.0
133,nowadays,0.0
134,08,0.0
135,normal,0.0
136,news,0.0
137,new,0.0
138,neurons,0.0
139,networks,0.0
140,needs,0.0
141,needed,0.0
142,naïve,0.0
143,multilingual,0.0
144,related,0.0
145,10,0.0
146,religion,0.0
147,type,0.0
148,tweet,0.0
149,tuned,0.0
150,trust,0.0
151,trivial,0.0
152,trigram,0.0
153,trend,0.0
154,transformer,0.0
155,transfer,0.0
156,trained,0.0
157,total,0.0
158,topics,0.0
159,topic,0.0
160,tool,0.0
161,tone,0.0
162,time,0.0
163,think,0.0
164,tf,0.0
165,text,0.0
166,testing,0.0
167,tested,0.0
168,terms,0.0
169,term,0.0
170,techniques,0.0
171,tweets,0.0
172,types,0.0
173,task,0.0
174,uncased,0.0
175,words,0.0
176,word2vec,0.0
177,word,0.0
178,widely,0.0
179,weight,0.0
180,warm,0.0
181,wabah,0.0
182,visualize,0.0
183,visualization,0.0
184,virus,0.0
185,versus,0.0
186,versions,0.0
187,validity,0.0
188,using,0.0
189,uses,0.0
190,users,0.0
191,user,0.0
192,useful,0.0
193,use,0.0
194,universities,0.0
195,unit,0.0
196,unigram,0.0
197,understand,0.0
198,technique,0.0
199,taking,0.0
200,religious,0.0
201,sentence,0.0
202,selection,0.0
203,selebrity,0.0
204,selebrities,0.0
205,seen,0.0
206,second,0.0
207,searchable,0.0
208,score,0.0
209,sarcasm,0.0
210,sadness,0.0
211,life,0.0
212,s2,0.0
213,rule,0.0
214,robustness,0.0
215,richer,0.0
216,resulted,0.0
217,result,0.0
218,restraining,0.0
219,research,0.0
220,reputation,0.0
221,representations,0.0
222,representation,0.0
223,represent,0.0
224,removing,0.0
225,semantic,0.0
226,sentences,0.0
227,syntactic,0.0
228,sentiments,0.0
229,surprise,0.0
230,summarization,0.0
231,success,0.0
232,substantial,0.0
233,student,0.0
234,strength,0.0
235,strategy,0.0
236,statements,0.0
237,stabilization,0.0
238,spread,0.0
239,speech,0.0
240,source,0.0
241,solve,0.0
242,sna,0.0
243,similarity,0.0
244,similar,0.0
245,significant,0.0
246,shows,0.0
247,showed,0.0
248,short,0.0
249,sets,0.0
250,serves,0.0
251,sentistrength,0.0
252,s3,0.0
253,issue,0.0
254,lexical,0.0
255,level,0.0
256,compared,0.0
257,communication,0.0
258,communicate,0.0
259,combining,0.0
260,combination,0.0
261,collections,0.0
262,collected,0.0
263,closely,0.0
264,classifying,0.0
265,classifier,0.0
266,classified,0.0
267,classification,0.0
268,citizenship,0.0
269,certain,0.0
270,centrality,0.0
271,cbow,0.0
272,causing,0.0
273,causes,0.0
274,cased,0.0
275,candidate,0.0
276,calculation,0.0
277,brought,0.0
278,bridge,0.0
279,boost,0.0
280,boazizi,0.0
281,conducted,0.0
282,connected,0.0
283,connection,0.0
284,conversations,0.0
285,currently,0.0
286,criticism,0.0
287,critical,0.0
288,criminal,0.0
289,crime,0.0
290,covid19,0.0
291,covid,0.0
292,cosine,0.0
293,corpus,0.0
294,coronavirus,0.0
295,corona,0.0
296,conversation,0.0
297,consist,0.0
298,control,0.0
299,contribute,0.0
300,contrast,0.0
301,continuous,0.0
302,continuing,0.0
303,contextual,0.0
304,content,0.0
305,contains,0.0
306,contained,0.0
307,contain,0.0
308,consuming,0.0
309,bilstm,0.0
310,bidirectional,0.0
311,best,0.0
312,66,0.0
313,abundant,0.0
314,96,0.0
315,94,0.0
316,93,0.0
317,91,0.0
318,86,0.0
319,85,0.0
320,84,0.0
321,83,0.0
322,7666,0.0
323,74,0.0
324,62,0.0
325,according,0.0
326,60,0.0
327,500,0.0
328,49,0.0
329,421,0.0
330,29,0.0
331,27,0.0
332,200,0.0
333,19,0.0
334,1805,0.0
335,1683,0.0
336,131,0.0
337,abusive,0.0
338,achieved,0.0
339,bert,0.0
340,anticipation,0.0
341,basis,0.0
342,based,0.0
343,bag,0.0
344,awareness,0.0
345,average,0.0
346,automatically,0.0
347,assess,0.0
348,articles,0.0
349,architecture,0.0
350,approach,0.0
351,applied,0.0
352,annotations,0.0
353,act,0.0
354,anger,0.0
355,andnegative,0.0
356,analyzed,0.0
357,analyze,0.0
358,aimed,0.0
359,agnes,0.0
360,advancement,0.0
361,address,0.0
362,additional,0.0
363,addition,0.0
364,acts,0.0
365,data,0.0
366,dataset,0.0
367,datasets,0.0
368,hatred,0.0
369,hybrid,0.0
370,humans,0.0
371,human,0.0
372,huge,0.0
373,hot,0.0
374,hoaxes,0.0
375,hoax,0.0
376,highest,0.0
377,higher,0.0
378,hidden,0.0
379,help,0.0
380,hate,0.0
381,ignorance,0.0
382,hashtags,0.0
383,hashtagging,0.0
384,hashtag,0.0
385,groups,0.0
386,group,0.0
387,gram,0.0
388,government,0.0
389,good,0.0
390,given,0.0
391,generally,0.0
392,general,0.0
393,idf,0.0
394,image,0.0
395,gated,0.0
396,institutions,0.0
397,learning,0.0
398,layers,0.0
399,layer,0.0
400,larger,0.0
401,lack,0.0
402,keywords,0.0
403,joy,0.0
404,issued,0.0
405,109,0.0
406,000,0.0
407,internet,0.0
408,information,0.0
409,important,0.0
410,influential,0.0
411,influence,0.0
412,indonesia,0.0
413,indobert,0.0
414,increased,0.0
415,incorrect,0.0
416,including,0.0
417,include,0.0
418,improves,0.0
419,improve,0.0
420,impression,0.0
421,gender,0.0
422,forest,0.0
423,deep,0.0
424,difficult,0.0
425,emotions,0.0
426,embedding,0.0
427,effect,0.0
428,economic,0.0
429,early,0.0
430,dominant,0.0
431,document,0.0
432,doctoral,0.0
433,divided,0.0
434,disparages,0.0
435,discussion,0.0
436,different,0.0
437,epoch,0.0
438,difference,0.0
439,develops,0.0
440,development,0.0
441,determine,0.0
442,determination,0.0
443,detection,0.0
444,detect,0.0
445,destruction,0.0
446,denote,0.0
447,demonstrate,0.0
448,degree,0.0
449,enforced,0.0
450,essential,0.0
451,flow,0.0
452,fact,0.0
453,flexible,0.0
454,fine,0.0
455,finding,0.0
456,filter,0.0
457,feelings,0.0
458,feedbacks,0.0
459,features,0.0
460,feature,0.0
461,fear,0.0
462,fairly,0.0
463,factor,0.0
464,f1,0.0
465,ethnicity,0.0
466,extractive,0.0
467,extraction,0.0
468,extracting,0.0
469,extracted,0.0
470,expressions,0.0
471,express,0.0
472,experimental,0.0
473,expected,0.0
474,existence,0.0
475,examines,0.0
476,evaluation,0.0
477,intuitive,0.0
