,term,score
0,trained,13.047189562170502
1,hoax,10.437751649736402
2,tuned,10.437751649736402
3,fine,10.437751649736402
4,pre,7.8283137373023015
5,detection,5.748872195622465
6,monolingual,5.218875824868201
7,indobert,5.218875824868201
8,bert,5.218875824868201
9,internet,5.218875824868201
10,mbert,5.218875824868201
11,original,5.218875824868201
12,news,5.218875824868201
13,corpus,5.218875824868201
14,multilingual,5.218875824868201
15,models,4.407945608651872
16,19,3.83258146374831
17,covid,3.83258146374831
18,assess,2.6094379124341005
19,hoaxes,2.6094379124341005
20,brought,2.6094379124341005
21,online,2.6094379124341005
22,best,2.6094379124341005
23,task,2.6094379124341005
24,abundant,2.6094379124341005
25,achieved,2.6094379124341005
26,nowadays,2.6094379124341005
27,transformer,2.6094379124341005
28,human,2.6094379124341005
29,transfer,2.6094379124341005
30,outperform,2.6094379124341005
31,uncased,2.6094379124341005
32,popular,2.6094379124341005
33,life,2.6094379124341005
34,larger,2.6094379124341005
35,proposed,2.6094379124341005
36,problematic,2.6094379124341005
37,pretrained,2.6094379124341005
38,versions,2.6094379124341005
39,experimental,2.6094379124341005
40,cased,2.6094379124341005
41,validity,2.6094379124341005
42,fact,2.6094379124341005
43,solve,2.6094379124341005
44,source,2.6094379124341005
45,filter,2.6094379124341005
46,articles,2.6094379124341005
47,accurate,2.203972804325936
48,important,2.203972804325936
49,effect,2.203972804325936
50,difficult,2.203972804325936
51,related,2.203972804325936
52,performance,1.916290731874155
53,classification,1.916290731874155
54,research,1.916290731874155
55,based,1.916290731874155
56,learning,1.916290731874155
57,information,1.916290731874155
58,model,1.916290731874155
59,used,1.5108256237659907
60,results,1.3566749439387324
61,indonesian,1.2231435513142097
62,predict,0.0
63,process,0.0
64,management,0.0
65,primarily,0.0
66,previous,0.0
67,margin,0.0
68,needs,0.0
69,precision,0.0
70,processing,0.0
71,master,0.0
72,practices,0.0
73,posts,0.0
74,matter,0.0
75,post,0.0
76,positive,0.0
77,posisitve,0.0
78,making,0.0
79,maintaining,0.0
80,produce,0.0
81,policy,0.0
82,reaction,0.0
83,look,0.0
84,love,0.0
85,rate,0.0
86,rapid,0.0
87,rank,0.0
88,random,0.0
89,race,0.0
90,quality,0.0
91,purpose,0.0
92,machine,0.0
93,punctuation,0.0
94,main,0.0
95,public,0.0
96,provides,0.0
97,provide,0.0
98,proved,0.0
99,measure,0.0
100,measurement,0.0
101,polarity,0.0
102,plan,0.0
103,obtain,0.0
104,moment,0.0
105,objective,0.0
106,number,0.0
107,recall,0.0
108,monica,0.0
109,normal,0.0
110,movie,0.0
111,naive,0.0
112,naïve,0.0
113,needed,0.0
114,new,0.0
115,neutral,0.0
116,neurons,0.0
117,neural,0.0
118,networks,0.0
119,network,0.0
120,obtained,0.0
121,mining,0.0
122,opinion,0.0
123,measuring,0.0
124,negative,0.0
125,person,0.0
126,perform,0.0
127,people,0.0
128,parameters,0.0
129,paper,0.0
130,pandemic,0.0
131,media,0.0
132,opinions,0.0
133,medias,0.0
134,memory,0.0
135,mentioning,0.0
136,message,0.0
137,organization,0.0
138,method,0.0
139,ordinary,0.0
140,reads,0.0
141,00,0.0
142,recurrent,0.0
143,summarization,0.0
144,tweet,0.0
145,trust,0.0
146,trivial,0.0
147,trigram,0.0
148,trend,0.0
149,total,0.0
150,topics,0.0
151,topic,0.0
152,tool,0.0
153,tone,0.0
154,time,0.0
155,think,0.0
156,tf,0.0
157,text,0.0
158,testing,0.0
159,tested,0.0
160,test,0.0
161,terms,0.0
162,term,0.0
163,tendency,0.0
164,techniques,0.0
165,technique,0.0
166,taking,0.0
167,takes,0.0
168,syntactic,0.0
169,tweets,0.0
170,twitter,0.0
171,type,0.0
172,versus,0.0
173,writes,0.0
174,words,0.0
175,word2vec,0.0
176,word,0.0
177,widely,0.0
178,weight,0.0
179,warm,0.0
180,wabah,0.0
181,visualize,0.0
182,visualization,0.0
183,virus,0.0
184,value,0.0
185,types,0.0
186,using,0.0
187,uses,0.0
188,users,0.0
189,user,0.0
190,useful,0.0
191,use,0.0
192,universities,0.0
193,unit,0.0
194,unique,0.0
195,unigram,0.0
196,understand,0.0
197,surprise,0.0
198,success,0.0
199,reference,0.0
200,substantial,0.0
201,seen,0.0
202,second,0.0
203,searchable,0.0
204,score,0.0
205,sarcasm,0.0
206,sadness,0.0
207,s3,0.0
208,s2,0.0
209,rule,0.0
210,robustness,0.0
211,richer,0.0
212,resulting,0.0
213,resulted,0.0
214,result,0.0
215,restraining,0.0
216,link,0.0
217,reputation,0.0
218,representations,0.0
219,representation,0.0
220,represent,0.0
221,removing,0.0
222,religious,0.0
223,religion,0.0
224,relationship,0.0
225,relate,0.0
226,selebrities,0.0
227,selebrity,0.0
228,selection,0.0
229,similarity,0.0
230,study,0.0
231,student,0.0
232,strength,0.0
233,strategy,0.0
234,story,0.0
235,statements,0.0
236,stabilization,0.0
237,spread,0.0
238,speech,0.0
239,social,0.0
240,sna,0.0
241,similar,0.0
242,semantic,0.0
243,significant,0.0
244,shows,0.0
245,showed,0.0
246,short,0.0
247,sets,0.0
248,serves,0.0
249,sentistrength,0.0
250,sentiments,0.0
251,sentiment,0.0
252,sentences,0.0
253,sentence,0.0
254,long,0.0
255,intuitive,0.0
256,likely,0.0
257,boost,0.0
258,citizenship,0.0
259,characteristics,0.0
260,certain,0.0
261,centrality,0.0
262,cbow,0.0
263,causing,0.0
264,causes,0.0
265,candidate,0.0
266,calculation,0.0
267,built,0.0
268,bridge,0.0
269,boazizi,0.0
270,classifier,0.0
271,bilstm,0.0
272,bidirectional,0.0
273,better,0.0
274,bayes,0.0
275,basis,0.0
276,bag,0.0
277,awareness,0.0
278,average,0.0
279,automatically,0.0
280,architecture,0.0
281,approach,0.0
282,classified,0.0
283,classify,0.0
284,anticipation,0.0
285,consuming,0.0
286,conversation,0.0
287,control,0.0
288,contribute,0.0
289,contrast,0.0
290,continuous,0.0
291,continuing,0.0
292,contextual,0.0
293,content,0.0
294,contains,0.0
295,contained,0.0
296,contain,0.0
297,consist,0.0
298,classifying,0.0
299,connection,0.0
300,connected,0.0
301,conducted,0.0
302,compared,0.0
303,communication,0.0
304,communicate,0.0
305,combining,0.0
306,combination,0.0
307,collections,0.0
308,collected,0.0
309,closely,0.0
310,applied,0.0
311,annotations,0.0
312,lexical,0.0
313,49,0.0
314,80,0.0
315,79,0.0
316,78,0.0
317,7666,0.0
318,76,0.0
319,75,0.0
320,74,0.0
321,66,0.0
322,62,0.0
323,60,0.0
324,500,0.0
325,421,0.0
326,83,0.0
327,29,0.0
328,27,0.0
329,21,0.0
330,200,0.0
331,1805,0.0
332,1683,0.0
333,131,0.0
334,109,0.0
335,10,0.0
336,08,0.0
337,001,0.0
338,81,0.0
339,84,0.0
340,anger,0.0
341,additional,0.0
342,andnegative,0.0
343,analyzed,0.0
344,analyze,0.0
345,analysis,0.0
346,amounted,0.0
347,algorithm,0.0
348,aims,0.0
349,aimed,0.0
350,agnes,0.0
351,advancement,0.0
352,address,0.0
353,addition,0.0
354,85,0.0
355,acts,0.0
356,act,0.0
357,accuracy,0.0
358,according,0.0
359,abusive,0.0
360,99,0.0
361,96,0.0
362,94,0.0
363,93,0.0
364,91,0.0
365,86,0.0
366,conversations,0.0
367,convolutional,0.0
368,corona,0.0
369,group,0.0
370,hot,0.0
371,highest,0.0
372,higher,0.0
373,hidden,0.0
374,help,0.0
375,hatred,0.0
376,hate,0.0
377,hashtags,0.0
378,hashtagging,0.0
379,hashtag,0.0
380,groups,0.0
381,gram,0.0
382,humans,0.0
383,government,0.0
384,good,0.0
385,given,0.0
386,generally,0.0
387,general,0.0
388,gender,0.0
389,gated,0.0
390,forest,0.0
391,flow,0.0
392,flexible,0.0
393,finding,0.0
394,huge,0.0
395,hybrid,0.0
396,coronavirus,0.0
397,institutions,0.0
398,level,0.0
399,layers,0.0
400,layer,0.0
401,language,0.0
402,lack,0.0
403,keywords,0.0
404,joy,0.0
405,issued,0.0
406,issue,0.0
407,involved,0.0
408,000,0.0
409,influential,0.0
410,idf,0.0
411,influence,0.0
412,indonesia,0.0
413,increased,0.0
414,incorrect,0.0
415,including,0.0
416,include,0.0
417,improves,0.0
418,improve,0.0
419,impression,0.0
420,image,0.0
421,ignorance,0.0
422,feelings,0.0
423,feedbacks,0.0
424,features,0.0
425,demonstrate,0.0
426,disparages,0.0
427,discussion,0.0
428,different,0.0
429,difference,0.0
430,develops,0.0
431,development,0.0
432,determine,0.0
433,determination,0.0
434,detect,0.0
435,destruction,0.0
436,denote,0.0
437,degree,0.0
438,feature,0.0
439,deep,0.0
440,datasets,0.0
441,dataset,0.0
442,data,0.0
443,currently,0.0
444,criticism,0.0
445,critical,0.0
446,criminal,0.0
447,crime,0.0
448,covid19,0.0
449,cosine,0.0
450,divided,0.0
451,doctoral,0.0
452,document,0.0
453,dominant,0.0
454,fear,0.0
455,fairly,0.0
456,factor,0.0
457,f1,0.0
458,extractive,0.0
459,extraction,0.0
460,extracting,0.0
461,extracted,0.0
462,expressions,0.0
463,express,0.0
464,expected,0.0
465,existence,0.0
466,examines,0.0
467,evaluation,0.0
468,ethnicity,0.0
469,essential,0.0
470,epoch,0.0
471,enforced,0.0
472,emotions,0.0
473,embedding,0.0
474,economic,0.0
475,early,0.0
476,dynamic,0.0
477,written,0.0
